Phone,email,Username
1-770-736-8031 x56442,Sincere@april.biz,Bret
010-692-6593 x09125,Shanna@melissa.tv,Antonette
1-463-123-4447,Nathan@yesenia.net,Samantha
493-170-9623 x156,Julianne.OConner@kory.org,Karianne
(254)954-1289,Lucio_Hettinger@annie.ca,Kamren
1-477-935-8478 x6430,Karley_Dach@jasper.info,Leopoldo_Corkery
210.067.6132,Telly.Hoeger@billy.biz,Elwyn.Skiles
586.493.6943 x140,Sherwood@rosamond.me,Maxime_Nienow
(775)976-6794 x41206,Chaim_McDermott@dana.io,Delphine
024-648-3804,Rey.Padberg@karina.biz,Moriah.Stanton
